Name,Code
Adra1b,AACG
Atp1a2,TGGT
Atp2b4,TTGC
Bcl11b,TGCG
Car2,GTTG
Car4,ACCG
Cdh20,CATC
Cdh9,GGAG
Chn2,TCAC
Coch,TCCG
Col12a1,GCCC
Crh,TTAC
Cryab,CCAG
Crym,GGCT
Cux2,GTCC
Dlx6os1,GCAT
Flt1,AACC
Foxp2,AAAT
Gapdh,TACG
Grin3a,ACTC
Igf1,AGGG
Igfbp7,CTCT
Inpp4b,ATAT
Itm2a,GGGC
Lgals1,CTAC
Luzp2,AGGT
Lypd1,CGAT
Nek7,TAGT
Nell1,AAGG
Npy,GACT
Nr4a2,AACT
Nxph1,CGCA
Pdlim1,TTCT
Penk,TAAA
Pld5,GAGG
Plpp4,AGCT
Pou3f1,CTAT
Prss23,GAAT
Reln,TAAT
Rorb,GCGG
Rprml,AAAC
Spon1,GTTC
Sstr1,GACC
Tgtp1,ATTA
Thsd7a,GAGC
Tmem163,ACGC
Vwc2,AGTA
Zdhhc12,TTCG
Zfp804b,AATG
Zfpm2,CCAA